{"Index": "N225", "Date": "2015-09-30", "Open": 17193.83984, "High": 17460.9707, "Low": 17179.40039, "Close": 17388.15039, "Adj Close": 17388.15039, "Volume": 156500000.0, "CloseUSD": 173.88150389999998}